id,image_url,product_id
1,https://drive.google.com/file/d/1TkGoZ5mnFytUemK6G5FlNROEzjhwliQY/view?usp=sharing,1
2,https://drive.google.com/file/d/1_X-q_NAffi0iJz2KA2hKQOGexVTAtB_C/view?usp=sharing,2
3,https://drive.google.com/file/d/1cJ4aPcbWGpTWCKyl02jp1kTvCqQHtv9z/view?usp=sharing,3
4,https://drive.google.com/file/d/1aPjBffgWfMC5WDmkFFrTjEeBga22YEds/view?usp=sharing,4
5,https://drive.google.com/file/d/1cAHaMsOyso8rgckOGA6pOnX3C6nnoVgo/view?usp=sharing,5
6,https://drive.google.com/file/d/1-Z56wLFhqygvNFkrCsEE9bRJSRu7Pg-V/view?usp=sharing,6
7,https://drive.google.com/file/d/1N1jCoYOUCJ_0_qhqLnKFTjTCl3mkuZ0e/view?usp=sharing,7
8,https://drive.google.com/file/d/1eJIpLgbjNjtUM18VUqqvbo1-Qa2L2wFR/view?usp=sharing,8
9,https://drive.google.com/file/d/1G2iYKBAuk9KDzkDdrOtfyBtx2Hk6WIq8/view?usp=sharing,9
10,https://drive.google.com/file/d/1KOCDZf3aCHePSM35ocUe4QTCusUhJ13I/view?usp=sharing,10
11,https://drive.google.com/file/d/1y8DhPx9XELlyONhf_Yk_Yk7zpr2AF75I/view?usp=sharing,11
12,https://drive.google.com/file/d/1P1WYGlA1QBoKrsBELgh54OABUbzJLsvF/view?usp=sharing,12
13,https://drive.google.com/file/d/1wQXDnQYcoFvY69oLMJwfJsr2LOwNImG2/view?usp=sharing,13
14,https://drive.google.com/file/d/1cCOsXK0cFx_qOxSLbq6tBP3D-Csn17zz/view?usp=sharing,14
15,https://drive.google.com/file/d/14cO3RVoTTN48iE1vhR_ylvGmuNviwHUI/view?usp=sharing,15
16,https://drive.google.com/file/d/1K-Qxe2Gl3vqXO0zcHYofLVk4QG4a80cj/view?usp=sharing,16
17,https://drive.google.com/file/d/1lKmexNeMKs17A8CPX02pn-FH2I7IkdSe/view?usp=sharing,17
18,https://drive.google.com/file/d/1ip5hiRVE9LTbMRWEKbQ_TMjjDinsPKnh/view?usp=sharing,18
19,https://drive.google.com/file/d/1K6syOqLE3hKdL2JCSWqQTarudlC95pNk/view?usp=sharing,19
20,https://drive.google.com/file/d/1J4Rui4xWw5T2Lq9jnbTYKDRx4JBLhBsB/view?usp=sharing,20
21,https://drive.google.com/file/d/1Qr0Wr-WY7M0UcnLXygrmOMtFlJbu2Bzf/view?usp=sharing,21
22,https://drive.google.com/file/d/1Vn5FrEe78s3idoE5o6UY1Onw3jz8SRMo/view?usp=sharing,22
23,https://drive.google.com/file/d/1JPLf1bB8CGGyaDVMJevfVY0lE03h-44p/view?usp=sharing,23
24,https://drive.google.com/file/d/1w12gGo1w6t0hevyZiW2-_28k52SyOgZS/view?usp=sharing,24
25,https://drive.google.com/file/d/19_6zKPyY9kZUXQD8gEGkOvi6TBstVAus/view?usp=sharing,25
26,https://drive.google.com/file/d/1Uz-gxp7FGponG9kxwC3V99Dz9i46PsiA/view?usp=sharing,26
27,https://drive.google.com/file/d/1En5KzTnxJ1pzNzOd-0-ary8qvlHGHxSK/view?usp=sharing,27
28,https://drive.google.com/file/d/17fhQq8VRfMaRaTpj4Eqwd6ZG2ialoOu4/view?usp=sharing,28
29,https://drive.google.com/file/d/1j0FpyzGjPQBkwFgrRo47QliJvCzY0fzt/view?usp=sharing,29
30,https://drive.google.com/file/d/1pkQS6pKr7qjBfjaVbngw-Nn5mUqnwXMw/view?usp=sharing,30