id,created_at,updated_at,email,password,name,nick
1,,,minseok@wemail.com,Chlalstjr123,최민석,민석최
2,,,jisoo@wemail.com,Chlwltn123,최지수,지수최
3,,,jonghyuck@wemail.com,Dlawhdgur123,임종혁,종혁임
4,,,hyeongjun@wemail.com,Dlgudwns123,이형준,형준이
5,,,byeongkyu@wemail.com,Rlaqwudrb123,김병규,병규김
6,,,hyeongwon@wemail.com,Wkdguddnjs123,장형원,형원장
7,,,youngbin@wemail.com,Rladudqls123,김영빈,영빈김
8,,,giseong@wemail.com,Wlrltjd123,지기성,기성지
9,,,joonbeom@wemail.com,Qkrwnsqja123,박준범,준범박
10,,,jaekwan@wemail.com,Thdworhks123,송재관,재관송